[
  {
    "once":true,
    "id":"$rtlua_flames00",
    "type":"animation",
    "frames":[{"bmp":"flames.png","w":3,"handle x":1,"handle y":4,"count":4}],
    "light":true
  },
  {
    "once":true,
    "id":"$rtlua_cake00",
    "type":"decoration",
    "title":"Cake",
    "text":"A cake",
    "category":"$cat_root00",
    "ordinal":0,
    "width":2,
    "height":2,
    "frames":[{"bmp":"cake.png","x":64,"w":64}],
    "strict lua":true,
    "script":"#LuaWrapper",
    "meta":{
      "luawrapper":{
        "script":"myscript.lua",
        "dev":true
      }
    }
  }
]
