[
    {
        "id": "$ground_candy00",
        "type": "ground",
        "template": "$template_ground",
        "blending": false,
        "frames": {"bmp": "ground.png", "handle y": 9},
        "border frames": {"bmp": "ground.png", "handle y": 9, "copies": 15},
        "map color": {"r": 255, "g": 220, "b": 240}
    },

    {
        "id": "$tree_candy00",
        "type": "tree",
        "frames": {"bmp": "candy.png", "w": 32, "count": 4},
        "map color": {"r": 220, "g": 80, "b": 80}
    },

    {
        "id": "$biome_candy00",
        "type": "biome",

        "title": "Candy Land",
        "preview frames": {"bmp": "preview.png", "handle y": 0},

        "noise factor": 1,
        "noise scale": 4,
        "coverage": 0.3,

        "ground": ["$ground_candy00"],

        "tree": {
            "id": "$tree_candy00",
            "noise factor": 1,
            "noise scale": 0.5,
            "deriv factor": 1,
            "deriv radius": 0.5,
            "offset": -1,
            "precedence": 0.3
        }
    }
]