[
  {
    "id": "$dom.embassy00",
    "type": "animation",
    "frames": [
      {"bmp": "domkisase1.png"}
    ]
  },
  {
    "id": "$dom.embassy01",
    "type": "animation",
    "frames": [
      {"bmp": "domkisase2.png"}
    ]
  },
  {
    "id": "$dom.embassy02",
    "type": "animation",
    "frames": [
      {"bmp": "domkisase3.png"}
    ]
  },
  {
    "id": "$domkisas_embassy00",
    "type": "public",
    "build height": 34,
    "author": "CommanderABab & JA",
    "width": 3,
    "height": 3,
    "frames": [null], 
    "animation": [
      // Floor
      {"id":"$dom.embassy00","x":0,"y":-56},

      // Different levels
      {"id":"$dom.embassy01","x":32,"y":-61},
      {"id":"$dom.embassy01","x":32,"y":-63},
      {"id":"$dom.embassy01","x":32,"y":-66},
      {"id":"$dom.embassy01","x":32,"y":-69},
      {"id":"$dom.embassy01","x":32,"y":-72},
      {"id":"$dom.embassy01","x":32,"y":-75},
      {"id":"$dom.embassy01","x":32,"y":-78},
      {"id":"$dom.embassy01","x":32,"y":-81},
      {"id":"$dom.embassy01","x":32,"y":-84},
      {"id":"$dom.embassy01","x":32,"y":-87},
      {"id":"$dom.embassy01","x":32,"y":-90},
      {"id":"$dom.embassy01","x":32,"y":-93},
      {"id":"$dom.embassy01","x":32,"y":-96},
      {"id":"$dom.embassy01","x":32,"y":-99},
      {"id":"$dom.embassy01","x":32,"y":-102},
      {"id":"$dom.embassy01","x":32,"y":-105},
      {"id":"$dom.embassy01","x":32,"y":-108},
      {"id":"$dom.embassy01","x":32,"y":-111},
      {"id":"$dom.embassy01","x":32,"y":-114},
      {"id":"$dom.embassy01","x":32,"y":-117},
      {"id":"$dom.embassy01","x":32,"y":-120},
      {"id":"$dom.embassy01","x":32,"y":-123},
      {"id":"$dom.embassy01","x":32,"y":-126},
      {"id":"$dom.embassy01","x":32,"y":-129},
      {"id":"$dom.embassy01","x":32,"y":-132},
      {"id":"$dom.embassy01","x":32,"y":-135},
      {"id":"$dom.embassy01","x":32,"y":-138},
      {"id":"$dom.embassy01","x":32,"y":-141},
      {"id":"$dom.embassy01","x":32,"y":-144},
      {"id":"$dom.embassy01","x":32,"y":-147},
      {"id":"$dom.embassy01","x":32,"y":-150},
      {"id":"$dom.embassy01","x":32,"y":-153},
      {"id":"$dom.embassy01","x":32,"y":-156},
      {"id":"$dom.embassy01","x":32,"y":-159},
      {"id":"$dom.embassy01","x":32,"y":-162},
      {"id":"$dom.embassy01","x":32,"y":-165},
      {"id":"$dom.embassy01","x":32,"y":-168},
      {"id":"$dom.embassy01","x":32,"y":-171},
      {"id":"$dom.embassy01","x":32,"y":-174},
      {"id":"$dom.embassy01","x":32,"y":-177},
      
      // Roof
      {"id":"$dom.embassy02","x":32,"y":-223}
    ]
  }
]
