[
  {"id":"$anim_roaddeco_sample00_00","type":"animation","frames":[{"bmp":"frames.png","x":0,"w":32,"handle y":8}]},
  {"id":"$anim_roaddeco_sample00_01","type":"animation","frames":[{"bmp":"frames.png","x":32,"w":32,"handle y":8}]},
  {"id":"$anim_roaddeco_sample00_02","type":"animation","frames":[{"bmp":"frames.png","x":64,"w":32,"handle y":8}]},
  {"id":"$anim_roaddeco_sample00_03","type":"animation","frames":[{"bmp":"frames.png","x":96,"w":32,"handle y":8}]},
  {
    "id":"$roaddeco_sample00",
    "type":"road decoration",
    "title":"Sample deco",
    "text":"I am a road decoration.",
    "price":100,
    "animation":[
      {"id":"$anim_roaddeco_sample00_00"},
      {"id":"$anim_roaddeco_sample00_02"}
    ],
    "frame animation indices":[
      [0,1],[0,1],[1],[1],
      [0],[0],[],[],
      [0,1],[0,1],[1],[1],
      [0],[0],[],[]
    ],
    "animation fg":[
      {"id":"$anim_roaddeco_sample00_01"},
      {"id":"$anim_roaddeco_sample00_03"}
    ],
    "frame animation fg indices":[
      [0,1],[0],[0,1],[0],
      [0,1],[0],[0,1],[0],
      [1],[],[1],[],
      [1],[],[1],[]
    ]
  }
]